DepTime,CRSDepTime,ArrTime,CRSArrTime,UniqueCarrier,FlightNum,TailNum,ArrDelay,DepDelay,Origin,Dest,Distance,Cancelled,CancellationCode,Diverted,CarrierDelay,WeatherDelay,NASDelay,SecurityDelay,LateAircraftDelay,date,weekday
2026.0,2015,2157.0,2140,MQ,4487,N830MQ,17.0,11.0,ORD,BNA,409.0,0,,0,0.0,0.0,17.0,0.0,0.0,2008-11-07,Friday
1511.0,1430,2227.0,2138,DL,946,N710TW,49.0,41.0,LAX,ATL,1946.0,0,,0,11.0,0.0,8.0,0.0,30.0,2008-02-22,Friday
1745.0,1415,1856.0,1537,US,767,N202UW,199.0,210.0,PHL,BOS,280.0,0,,0,0.0,0.0,0.0,0.0,199.0,2008-10-13,Monday
1105.0,1105,1237.0,1240,WN,1764,N787SA,-3.0,0.0,SAN,OAK,446.0,0,,0,,,,,,2008-11-04,Tuesday
950.0,950,1044.0,1040,WN,342,N509SW,4.0,0.0,BNA,BHM,177.0,0,,0,,,,,,2008-02-27,Wednesday
1704.0,1704,1815.0,1808,NW,1412,N984US,7.0,0.0,DTW,PIT,201.0,0,,0,,,,,,2008-06-04,Wednesday
1101.0,1105,1220.0,1230,WN,3572,N436WN,-10.0,-4.0,SMF,PDX,479.0,0,,0,,,,,,2008-07-22,Tuesday
1955.0,1945,2041.0,2032,OH,6464,N675BR,9.0,10.0,CVG,HTS,123.0,0,,0,,,,,,2008-11-10,Monday
1823.0,1750,2109.0,2105,AA,1893,N3CEAA,4.0,33.0,BDL,DFW,1471.0,0,,0,,,,,,2008-11-21,Friday
1459.0,1450,1701.0,1654,EV,4493,N724EV,7.0,9.0,ATL,DTW,594.0,0,,0,,,,,,2008-06-25,Wednesday
1852.0,1900,2050.0,2053,DL,1424,N682DA,-3.0,-8.0,PBI,ATL,545.0,0,,0,,,,,,2008-04-22,Tuesday
1543.0,1545,1700.0,1715,WN,3855,N345SA,-15.0,-2.0,BNA,MSY,471.0,0,,0,,,,,,2008-11-03,Monday
2031.0,2014,2309.0,2206,OO,5903,N973SW,63.0,17.0,ORD,ICT,588.0,0,,0,7.0,0.0,46.0,0.0,10.0,2008-12-20,Saturday
2140.0,2149,2218.0,2226,HA,323,N486HA,-8.0,-9.0,HNL,LIH,102.0,0,,0,,,,,,2008-06-15,Sunday
921.0,839,925.0,855,EV,4553,N751EV,30.0,42.0,ATL,PNS,272.0,0,,0,0.0,30.0,0.0,0.0,0.0,2008-03-29,Saturday
1807.0,1810,2020.0,2026,CO,285,N17329,-6.0,-3.0,IAH,OAK,1628.0,0,,0,,,,,,2008-04-26,Saturday
1149.0,1114,1327.0,1256,US,1551,N105UW,31.0,35.0,PHX,SLC,507.0,0,,0,0.0,0.0,0.0,0.0,31.0,2008-12-20,Saturday
1532.0,1535,1644.0,1640,AA,1355,N552AA,4.0,-3.0,SAT,DFW,247.0,0,,0,,,,,,2008-09-04,Thursday
1148.0,1135,1127.0,1130,MQ,4207,N688MQ,-3.0,13.0,AZO,ORD,122.0,0,,0,,,,,,2008-11-25,Tuesday
1125.0,1125,1326.0,1318,CO,489,N12313,8.0,0.0,IAH,SJC,1608.0,0,,0,,,,,,2008-06-19,Thursday
1650.0,1652,1811.0,1820,UA,807,N463UA,-9.0,-2.0,SFO,LAX,337.0,0,,0,,,,,,2008-11-19,Wednesday
1035.0,1035,1140.0,1135,WN,3714,N439WN,5.0,0.0,SEA,GEG,224.0,0,,0,,,,,,2008-07-26,Saturday
1127.0,1135,1319.0,1310,CO,224,N17329,9.0,-8.0,CLE,EWR,404.0,0,,0,,,,,,2008-01-24,Thursday
924.0,925,1118.0,1130,WN,3138,N683SW,-12.0,-1.0,ORF,MCO,655.0,0,,0,,,,,,2008-02-04,Monday
1923.0,1930,2042.0,2112,US,1887,N420US,-30.0,-7.0,BOS,PHL,280.0,0,,0,,,,,,2008-01-09,Wednesday
950.0,1006,1112.0,1133,AS,353,N799AS,-21.0,-16.0,SNA,OAK,371.0,0,,0,,,,,,2008-01-13,Sunday
1811.0,1705,1959.0,1830,B6,7,N593JB,89.0,66.0,BUF,JFK,301.0,0,,0,0.0,0.0,31.0,0.0,58.0,2008-04-12,Saturday
1426.0,1430,1513.0,1529,OO,5963,N962SW,-16.0,-4.0,PIA,ORD,130.0,0,,0,,,,,,2008-08-05,Tuesday
730.0,740,807.0,835,US,1851,N944UW,-28.0,-10.0,BWI,PHL,90.0,0,,0,,,,,,2008-03-27,Thursday
1353.0,1350,1724.0,1730,WN,1511,N785SW,-6.0,3.0,MDW,MCO,989.0,0,,0,,,,,,2008-08-24,Sunday
1731.0,1731,1814.0,1820,MQ,3086,N323AE,-6.0,0.0,SAN,LAX,109.0,0,,0,,,,,,2008-04-12,Saturday
1527.0,1525,1652.0,1622,XE,2963,N24517,30.0,2.0,IAH,GRK,166.0,0,,0,0.0,0.0,30.0,0.0,0.0,2008-01-31,Thursday
1500.0,1450,1648.0,1623,XE,412,N12201,25.0,10.0,OMA,SAN,1313.0,0,,0,0.0,0.0,15.0,0.0,10.0,2008-03-17,Monday
1628.0,1630,1854.0,1915,WN,798,N223WN,-21.0,-2.0,PHL,PBI,951.0,0,,0,,,,,,2008-09-24,Wednesday
1546.0,1540,1721.0,1721,EV,4882,N636AS,0.0,6.0,GNV,ATL,300.0,0,,0,,,,,,2008-04-16,Wednesday
2244.0,2230,13.0,2354,OO,6453,N710SK,19.0,14.0,LAX,PHX,370.0,0,,0,14.0,0.0,5.0,0.0,0.0,2008-07-14,Monday
616.0,615,719.0,725,WN,602,N425LV,-6.0,1.0,PHL,MDW,668.0,0,,0,,,,,,2008-10-23,Thursday
939.0,940,1034.0,1039,AS,81,N708AS,-5.0,-1.0,ANC,FAI,261.0,0,,0,,,,,,2008-03-17,Monday
1723.0,1731,1800.0,1816,OO,5461,N235SW,-16.0,-8.0,LAX,SBA,89.0,0,,0,,,,,,2008-03-17,Monday
936.0,942,1120.0,1128,EV,5419,N754EV,-8.0,-6.0,PHF,ATL,508.0,0,,0,,,,,,2008-11-06,Thursday
1457.0,1500,1703.0,1710,AA,263,N3AEAA,-7.0,-3.0,IAD,LAX,2288.0,0,,0,,,,,,2008-09-02,Tuesday
1443.0,1445,1603.0,1600,MQ,4465,N694AE,3.0,-2.0,ORD,DSM,299.0,0,,0,,,,,,2008-09-30,Tuesday
755.0,800,905.0,905,MQ,4640,N846MQ,0.0,-5.0,DCA,RDU,227.0,0,,0,,,,,,2008-12-13,Saturday
1345.0,1345,1451.0,1455,MQ,3798,N642AE,-4.0,0.0,HOU,DFW,247.0,0,,0,,,,,,2008-04-09,Wednesday
828.0,830,1006.0,1012,DL,804,N942DL,-6.0,-2.0,ATL,DCA,547.0,0,,0,,,,,,2008-10-08,Wednesday
1805.0,1815,1951.0,2001,YV,2897,N988HA,-10.0,-10.0,DRO,PHX,351.0,0,,0,,,,,,2008-01-14,Monday
1145.0,1150,1349.0,1350,MQ,4210,N672AE,-1.0,-5.0,ORD,TVC,224.0,0,,0,,,,,,2008-06-20,Friday
1700.0,1505,1924.0,1715,WN,2166,N479WN,129.0,115.0,MCI,SEA,1489.0,0,,0,12.0,0.0,14.0,0.0,103.0,2008-12-20,Saturday
1506.0,1400,1603.0,1501,OO,5766,N576SW,62.0,66.0,MFR,PDX,222.0,0,,0,62.0,0.0,0.0,0.0,0.0,2008-09-21,Sunday
1456.0,1455,1707.0,1730,WN,1604,N664WN,-23.0,1.0,PHL,MCO,861.0,0,,0,,,,,,2008-06-29,Sunday
912.0,910,1428.0,1422,CO,1594,N12125,6.0,2.0,LAX,IAH,1379.0,0,,0,,,,,,2008-03-26,Wednesday
,1800,,1909,US,2138,,,,LGA,BOS,185.0,1,A,0,,,,,,2008-12-22,Monday
826.0,830,1108.0,1100,DL,1115,N126DL,8.0,-4.0,ATL,SEA,2182.0,0,,0,,,,,,2008-01-24,Thursday
2046.0,1855,140.0,2345,AA,2468,N4XSAA,115.0,111.0,LAX,DFW,1235.0,0,,0,12.0,0.0,4.0,0.0,99.0,2008-09-21,Sunday
604.0,600,827.0,804,DL,363,N628DL,23.0,4.0,PHL,ATL,665.0,0,,0,0.0,0.0,23.0,0.0,0.0,2008-07-11,Friday
1330.0,1330,1601.0,1556,DL,747,N3731T,5.0,0.0,BOS,CVG,752.0,0,,0,,,,,,2008-03-06,Thursday
1609.0,1600,1906.0,1850,WN,963,N519SW,16.0,9.0,MDW,BWI,611.0,0,,0,9.0,0.0,7.0,0.0,0.0,2008-06-09,Monday
933.0,940,1104.0,1119,B6,1281,N179JB,-15.0,-7.0,BOS,RIC,474.0,0,,0,,,,,,2008-05-13,Tuesday
1923.0,1924,2019.0,2035,FL,317,N943AT,-16.0,-1.0,CLT,ATL,227.0,0,,0,,,,,,2008-06-06,Friday
1058.0,1100,1318.0,1325,AA,1683,N4XVAA,-7.0,-2.0,MSP,DFW,852.0,0,,0,,,,,,2008-04-19,Saturday
1622.0,1620,1715.0,1715,WN,1159,N685SW,0.0,2.0,MCI,STL,237.0,0,,0,,,,,,2008-03-24,Monday
928.0,920,1108.0,1104,DL,806,N929DL,4.0,8.0,ATL,DCA,547.0,0,,0,,,,,,2008-04-14,Monday
2129.0,2130,2244.0,2250,WN,704,N719SW,-6.0,-1.0,SMF,LAS,397.0,0,,0,,,,,,2008-08-22,Friday
1756.0,1735,2038.0,2000,AA,1136,N3CBAA,38.0,21.0,MIA,DCA,920.0,0,,0,10.0,0.0,17.0,0.0,11.0,2008-04-03,Thursday
2138.0,2135,2352.0,2359,DL,1886,N3767,-7.0,3.0,ATL,JFK,760.0,0,,0,,,,,,2008-06-20,Friday
2127.0,2130,2304.0,2252,XE,2133,N18101,12.0,-3.0,IAH,COS,809.0,0,,0,,,,,,2008-03-13,Thursday
556.0,600,708.0,716,UA,444,N929UA,-8.0,-4.0,MSP,ORD,334.0,0,,0,,,,,,2008-03-16,Sunday
841.0,845,958.0,1008,B6,262,N506JB,-10.0,-4.0,LGB,SMF,387.0,0,,0,,,,,,2008-08-06,Wednesday
1420.0,1430,1431.0,1445,OO,2813,N496CA,-14.0,-10.0,CMH,MKE,331.0,0,,0,,,,,,2008-08-13,Wednesday
1919.0,1910,2127.0,2055,MQ,4861,N734EK,32.0,9.0,DTW,LGA,501.0,0,,0,0.0,0.0,23.0,0.0,9.0,2008-05-01,Thursday
1642.0,1640,1733.0,1745,WN,2883,N257WN,-12.0,2.0,LAX,LAS,236.0,0,,0,,,,,,2008-07-01,Tuesday
2219.0,2055,2357.0,2223,CO,442,N27610,94.0,84.0,IAH,TUL,429.0,0,,0,0.0,84.0,10.0,0.0,0.0,2008-06-29,Sunday
900.0,905,1021.0,1030,OH,6533,N588SW,-9.0,-5.0,JFK,BWI,184.0,0,,0,,,,,,2008-12-08,Monday
,1855,,1936,OO,5564,N217SW,,,SFO,SMF,86.0,1,C,0,,,,,,2008-02-23,Saturday
1019.0,1025,1335.0,1351,NW,1070,N321NB,-16.0,-6.0,MSP,BWI,936.0,0,,0,,,,,,2008-10-15,Wednesday
1553.0,1454,1644.0,1556,YV,7307,N75994,48.0,59.0,BMI,ORD,116.0,0,,0,0.0,0.0,0.0,0.0,48.0,2008-01-18,Friday
1058.0,1100,1302.0,1319,CO,1004,N33292,-17.0,-2.0,MCO,CLE,895.0,0,,0,,,,,,2008-08-28,Thursday
1335.0,1240,1614.0,1516,YV,2650,N904FJ,58.0,55.0,MEM,CLT,512.0,0,,0,58.0,0.0,0.0,0.0,0.0,2008-12-01,Monday
731.0,725,921.0,919,OO,6550,N954SW,2.0,6.0,TUS,DEN,639.0,0,,0,,,,,,2008-02-23,Saturday
658.0,705,950.0,1010,CO,1401,N16617,-20.0,-7.0,EWR,FLL,1065.0,0,,0,,,,,,2008-05-07,Wednesday
2045.0,1910,2245.0,2059,YV,2698,N916FJ,106.0,95.0,CLT,DTW,500.0,0,,0,0.0,0.0,11.0,0.0,95.0,2008-05-02,Friday
1938.0,1941,2040.0,2045,9E,2965,87979E,-5.0,-3.0,DTW,SBN,157.0,0,,0,,,,,,2008-11-13,Thursday
722.0,725,916.0,910,AA,2013,N5FCAA,6.0,-3.0,ORD,LAS,1515.0,0,,0,,,,,,2008-05-26,Monday
1651.0,1655,1812.0,1815,MQ,3152,N848AE,-3.0,-4.0,SJC,SNA,342.0,0,,0,,,,,,2008-09-24,Wednesday
2017.0,2021,2135.0,2157,OO,5710,N560SW,-22.0,-4.0,LAS,FAT,258.0,0,,0,,,,,,2008-06-06,Friday
2050.0,2055,2145.0,2158,OO,5862,N960SW,-13.0,-5.0,DEN,DRO,251.0,0,,0,,,,,,2008-05-14,Wednesday
1425.0,1425,1607.0,1604,F9,795,N925FR,3.0,0.0,DEN,PDX,992.0,0,,0,,,,,,2008-07-30,Wednesday
2222.0,2223,2238.0,2234,NW,1245,N8929E,4.0,-1.0,DTW,ORD,235.0,0,,0,,,,,,2008-09-10,Wednesday
955.0,940,1234.0,1225,WN,1078,N513SW,9.0,15.0,SAN,ABQ,628.0,0,,0,,,,,,2008-05-20,Tuesday
1508.0,1517,1600.0,1625,9E,5866,86839E,-25.0,-9.0,DTW,OMA,651.0,0,,0,,,,,,2008-10-25,Saturday
1138.0,1145,1923.0,1939,DL,172,N133DN,-16.0,-7.0,SEA,ATL,2182.0,0,,0,,,,,,2008-08-28,Thursday
2310.0,2200,100.0,2,OH,5531,N443CA,58.0,70.0,LGA,CHS,641.0,0,,0,0.0,58.0,0.0,0.0,0.0,2008-06-26,Thursday
1057.0,1050,1100.0,1055,WN,1508,N410WN,5.0,7.0,DTW,MDW,229.0,0,,0,,,,,,2008-09-02,Tuesday
1111.0,1114,1836.0,1815,NW,1196,N528US,21.0,-3.0,LAS,DTW,1750.0,0,,0,0.0,0.0,21.0,0.0,0.0,2008-01-08,Tuesday
642.0,650,955.0,1020,AA,1981,N4XEAA,-25.0,-8.0,BOS,DFW,1562.0,0,,0,,,,,,2008-04-06,Sunday
950.0,950,1255.0,1250,WN,1480,N248WN,5.0,0.0,MDW,ISP,765.0,0,,0,,,,,,2008-11-09,Sunday
713.0,715,1006.0,1014,CO,216,N37615,-8.0,-2.0,IAH,MSP,1034.0,0,,0,,,,,,2008-03-17,Monday
1855.0,1756,2008.0,1843,UA,429,N936UA,85.0,59.0,PIT,ORD,412.0,0,,0,0.0,0.0,85.0,0.0,0.0,2008-12-14,Sunday
1734.0,1730,1929.0,1925,WN,118,N528SW,4.0,4.0,SJC,PHX,621.0,0,,0,,,,,,2008-08-03,Sunday
2256.0,2230,2346.0,2325,9E,5841,89249E,21.0,26.0,DTW,SBN,157.0,0,,0,21.0,0.0,0.0,0.0,0.0,2008-05-02,Friday
713.0,715,837.0,842,XE,2520,N16520,-5.0,-2.0,IAH,XNA,438.0,0,,0,,,,,,2008-05-21,Wednesday
646.0,650,826.0,816,CO,1682,N15712,10.0,-4.0,RDU,EWR,416.0,0,,0,,,,,,2008-12-07,Sunday
1737.0,1740,1959.0,2000,US,639,N801AW,-1.0,-3.0,CMH,PHX,1671.0,0,,0,,,,,,2008-01-03,Thursday
1418.0,1420,1709.0,1724,B6,1150,N274JB,-15.0,-2.0,MCO,PWM,1214.0,0,,0,,,,,,2008-06-17,Tuesday
734.0,739,1219.0,1232,NW,1224,N352NW,-13.0,-5.0,DEN,DTW,1123.0,0,,0,,,,,,2008-07-10,Thursday
1716.0,1602,1950.0,1846,UA,1175,N430UA,64.0,74.0,SEA,LAX,954.0,0,,0,0.0,0.0,0.0,0.0,64.0,2008-07-12,Saturday
1232.0,1230,1414.0,1417,DL,1599,N629DL,-3.0,2.0,ATL,RSW,515.0,0,,0,,,,,,2008-01-30,Wednesday
2001.0,1930,2134.0,2122,XE,2747,N14993,12.0,31.0,EWR,BNA,748.0,0,,0,,,,,,2008-02-19,Tuesday
1329.0,1252,1501.0,1420,9E,5818,91539E,41.0,37.0,ATL,DAY,432.0,0,,0,0.0,0.0,4.0,0.0,37.0,2008-12-28,Sunday
1100.0,1052,1639.0,1642,UA,1620,N445UA,-3.0,8.0,LAX,MSY,1671.0,0,,0,,,,,,2008-06-20,Friday
1658.0,1700,1839.0,1829,XE,3086,N13995,10.0,-2.0,EWR,ACK,218.0,0,,0,,,,,,2008-08-22,Friday
1801.0,1535,2232.0,2000,AA,740,N409AA,152.0,146.0,DFW,LGA,1389.0,0,,0,0.0,0.0,152.0,0.0,0.0,2008-02-10,Sunday
2055.0,1835,2259.0,2050,YV,2945,N919FJ,129.0,140.0,ONT,PHX,325.0,0,,0,129.0,0.0,0.0,0.0,0.0,2008-11-09,Sunday
1700.0,1705,1857.0,1845,MQ,4574,N709GB,12.0,-5.0,BOS,DCA,399.0,0,,0,,,,,,2008-05-28,Wednesday
2030.0,2000,2316.0,2220,AA,899,N493AA,56.0,30.0,DCA,DFW,1192.0,0,,0,0.0,8.0,26.0,0.0,22.0,2008-02-21,Thursday
1545.0,1520,1758.0,1742,OH,6370,N685BR,16.0,25.0,AVP,ATL,714.0,0,,0,16.0,0.0,0.0,0.0,0.0,2008-11-01,Saturday
2006.0,2000,2108.0,2120,US,2189,N724UW,-12.0,6.0,LGA,DCA,214.0,0,,0,,,,,,2008-05-29,Thursday
1149.0,1156,1214.0,1234,OO,6107,N406SW,-20.0,-7.0,MRY,SFO,77.0,0,,0,,,,,,2008-10-23,Thursday
1501.0,1500,1547.0,1555,WN,3581,N414WN,-8.0,1.0,MCO,JAN,587.0,0,,0,,,,,,2008-03-11,Tuesday
1554.0,1556,1638.0,1642,OO,5750,N294SW,-4.0,-2.0,LAX,CLD,86.0,0,,0,,,,,,2008-10-08,Wednesday
1245.0,1250,1421.0,1425,AA,2333,N519AA,-4.0,-5.0,BOS,ORD,867.0,0,,0,,,,,,2008-05-09,Friday
1924.0,1929,2014.0,2034,US,133,N824AW,-20.0,-5.0,LAS,SNA,226.0,0,,0,,,,,,2008-05-10,Saturday
832.0,845,1151.0,1220,HA,1,N598HA,-29.0,-13.0,LAX,HNL,2556.0,0,,0,,,,,,2008-02-16,Saturday
755.0,800,1024.0,1027,FL,181,N977AT,-3.0,-5.0,DCA,RSW,892.0,0,,0,,,,,,2008-01-22,Tuesday
1349.0,1340,1714.0,1730,AA,1154,N489AA,-16.0,9.0,MSP,LGA,1020.0,0,,0,,,,,,2008-05-14,Wednesday
956.0,945,1114.0,1110,WN,3931,N724SW,4.0,11.0,SJC,LAS,386.0,0,,0,,,,,,2008-05-21,Wednesday
610.0,615,728.0,745,FL,117,N292AT,-17.0,-5.0,IND,ATL,432.0,0,,0,,,,,,2008-10-28,Tuesday
2035.0,2015,2210.0,2157,FL,662,N945AT,13.0,20.0,ATL,PBI,545.0,0,,0,,,,,,2008-06-10,Tuesday
1444.0,1440,1554.0,1550,AA,1463,N412AA,4.0,4.0,SAT,DFW,247.0,0,,0,,,,,,2008-11-04,Tuesday
1455.0,1459,1543.0,1555,MQ,3236,N286AE,-12.0,-4.0,LAW,DFW,140.0,0,,0,,,,,,2008-02-17,Sunday
1040.0,1045,1245.0,1315,9E,4776,87189E,-30.0,-5.0,LGA,IND,659.0,0,,0,,,,,,2008-10-07,Tuesday
1602.0,1605,1837.0,1841,OO,4037,N821SK,-4.0,-3.0,ORD,SLC,1249.0,0,,0,,,,,,2008-02-20,Wednesday
954.0,948,1623.0,1616,DL,778,N694DA,7.0,6.0,SLC,EWR,1968.0,0,,0,,,,,,2008-03-22,Saturday
903.0,905,1027.0,1030,AA,851,N4YBAA,-3.0,-2.0,ORD,MSP,334.0,0,,0,,,,,,2008-10-02,Thursday
719.0,720,853.0,900,WN,223,N493WN,-7.0,-1.0,TPA,RDU,587.0,0,,0,,,,,,2008-03-02,Sunday
635.0,640,1151.0,1201,NW,1026,N525US,-10.0,-5.0,PDX,MSP,1426.0,0,,0,,,,,,2008-02-25,Monday
1322.0,1315,2141.0,2135,HA,2,N584HA,6.0,7.0,HNL,LAX,2556.0,0,,0,,,,,,2008-09-01,Monday
1936.0,1900,2105.0,2005,WN,76,N634SW,60.0,36.0,IND,LAS,1591.0,0,,0,8.0,0.0,24.0,0.0,28.0,2008-03-27,Thursday
715.0,723,1116.0,1119,OO,6096,N753SK,-3.0,-8.0,SLC,ORD,1249.0,0,,0,,,,,,2008-09-09,Tuesday
1610.0,1620,1853.0,1908,DL,1266,N910DN,-15.0,-10.0,SNA,SLC,588.0,0,,0,,,,,,2008-04-18,Friday
935.0,935,1408.0,1425,WN,1201,N305SW,-17.0,0.0,LAS,MCI,1140.0,0,,0,,,,,,2008-02-02,Saturday
903.0,915,1041.0,1053,US,1539,N958UW,-12.0,-12.0,LGA,PIT,335.0,0,,0,,,,,,2008-09-30,Tuesday
746.0,725,907.0,855,WN,1685,N665WN,12.0,21.0,SDF,BWI,495.0,0,,0,,,,,,2008-08-01,Friday
1237.0,1230,1415.0,1410,AA,520,N5CEAA,5.0,7.0,DFW,STL,551.0,0,,0,,,,,,2008-08-10,Sunday
2026.0,2020,2129.0,2131,US,1470,N960UW,-2.0,6.0,PHL,SYR,228.0,0,,0,,,,,,2008-06-19,Thursday
2037.0,2035,2159.0,2200,WN,1284,N406WN,-1.0,2.0,SFO,SAN,447.0,0,,0,,,,,,2008-08-27,Wednesday
1552.0,1555,1851.0,1855,B6,468,N517JB,-4.0,-3.0,RSW,BOS,1249.0,0,,0,,,,,,2008-12-16,Tuesday
1826.0,1740,2034.0,2002,OH,5494,N443CA,32.0,46.0,STL,CVG,307.0,0,,0,32.0,0.0,0.0,0.0,0.0,2008-01-02,Wednesday
1304.0,1300,1417.0,1420,MQ,3701,N676MQ,-3.0,4.0,DFW,CRP,354.0,0,,0,,,,,,2008-10-03,Friday
2209.0,2210,507.0,518,NW,208,N595NW,-11.0,-1.0,SEA,DTW,1927.0,0,,0,,,,,,2008-05-17,Saturday
826.0,830,1044.0,1034,NW,179,N364NB,10.0,-4.0,MEM,LAX,1619.0,0,,0,,,,,,2008-09-05,Friday
820.0,820,1409.0,1420,AA,500,N3ADAA,-11.0,0.0,PHX,MIA,1972.0,0,,0,,,,,,2008-01-13,Sunday
1359.0,1400,1917.0,1940,WN,2721,N735SA,-23.0,-1.0,LAS,MDW,1521.0,0,,0,,,,,,2008-07-15,Tuesday
1502.0,1500,1634.0,1645,WN,3487,N303SW,-11.0,2.0,TPA,MDW,997.0,0,,0,,,,,,2008-04-11,Friday
940.0,940,1021.0,1030,MQ,3528,N684MQ,-9.0,0.0,GRK,DFW,134.0,0,,0,,,,,,2008-12-15,Monday
1022.0,1029,1146.0,1157,OO,6404,N958SW,-11.0,-7.0,EUG,SFO,451.0,0,,0,,,,,,2008-10-26,Sunday
1544.0,1541,1712.0,1706,FL,767,N300AT,6.0,3.0,ATL,LAS,1747.0,0,,0,,,,,,2008-09-11,Thursday
2127.0,2000,2336.0,2134,XE,7811,N14179,122.0,87.0,DEN,LAX,862.0,0,,0,0.0,0.0,35.0,0.0,87.0,2008-01-21,Monday
629.0,635,808.0,805,AA,1164,N241AA,3.0,-6.0,MFE,DFW,468.0,0,,0,,,,,,2008-01-30,Wednesday
1545.0,1530,1622.0,1617,OO,5416,N301YV,5.0,15.0,SAN,LAX,109.0,0,,0,,,,,,2008-07-23,Wednesday
655.0,630,834.0,817,OH,5243,N595SW,17.0,25.0,ROC,CVG,461.0,0,,0,17.0,0.0,0.0,0.0,0.0,2008-07-07,Monday
837.0,845,1145.0,1155,WN,1302,N333SW,-10.0,-8.0,PHX,AUS,872.0,0,,0,,,,,,2008-11-04,Tuesday
1448.0,1452,1559.0,1610,YV,7118,N448YV,-11.0,-4.0,DEN,CPR,230.0,0,,0,,,,,,2008-10-23,Thursday
936.0,940,1333.0,1345,MQ,4873,N701MH,-12.0,-4.0,XNA,LGA,1147.0,0,,0,,,,,,2008-06-20,Friday
1138.0,1145,1216.0,1245,OO,3805,N863AS,-29.0,-7.0,PIH,SLC,150.0,0,,0,,,,,,2008-09-14,Sunday
626.0,630,732.0,714,OO,6564,N712SK,18.0,-4.0,COS,DEN,72.0,0,,0,0.0,0.0,0.0,0.0,18.0,2008-01-19,Saturday
848.0,900,1036.0,1101,NW,1443,N369NW,-25.0,-12.0,PVD,DTW,614.0,0,,0,,,,,,2008-04-22,Tuesday
1346.0,1350,1603.0,1540,AA,311,N471AA,23.0,-4.0,STL,SNA,1570.0,0,,0,0.0,0.0,23.0,0.0,0.0,2008-06-19,Thursday
1719.0,1720,1854.0,1921,DL,822,N372DA,-27.0,-1.0,ATL,DCA,547.0,0,,0,,,,,,2008-08-30,Saturday
2140.0,2140,2239.0,2233,F9,179,N806FR,6.0,0.0,DEN,TUS,639.0,0,,0,,,,,,2008-10-09,Thursday
1124.0,1120,1446.0,1425,MQ,4414,N854MQ,21.0,4.0,ORD,HPN,738.0,0,,0,0.0,0.0,21.0,0.0,0.0,2008-10-24,Friday
730.0,730,851.0,900,DL,1725,N396DA,-9.0,0.0,LEX,ATL,303.0,0,,0,,,,,,2008-06-14,Saturday
750.0,755,833.0,851,OO,5966,N907SW,-18.0,-5.0,ORD,SPI,174.0,0,,0,,,,,,2008-06-19,Thursday
1249.0,1210,1421.0,1321,DL,1037,N394DA,60.0,39.0,CLT,ATL,227.0,0,,0,0.0,0.0,21.0,0.0,39.0,2008-05-15,Thursday
716.0,715,900.0,905,WN,150,N481WN,-5.0,1.0,MDW,PHX,1444.0,0,,0,,,,,,2008-10-16,Thursday
719.0,720,809.0,810,WN,217,N690SW,-1.0,-1.0,HOU,SAT,192.0,0,,0,,,,,,2008-09-08,Monday
855.0,900,1220.0,1229,UA,558,N933UA,-9.0,-5.0,LAX,DEN,862.0,0,,0,,,,,,2008-11-13,Thursday
705.0,705,823.0,821,OH,5249,N927CA,2.0,0.0,DTW,CVG,229.0,0,,0,,,,,,2008-02-18,Monday
752.0,800,1025.0,1027,US,293,N160AW,-2.0,-8.0,SEA,LAS,866.0,0,,0,,,,,,2008-04-04,Friday
622.0,630,948.0,1003,XE,2997,N16976,-15.0,-8.0,MSP,EWR,1008.0,0,,0,,,,,,2008-05-21,Wednesday
1132.0,1135,1247.0,1237,US,450,N661AW,10.0,-3.0,ATL,PHX,1587.0,0,,0,,,,,,2008-06-13,Friday
1828.0,1815,2001.0,1955,MQ,4337,N675AE,6.0,13.0,BNA,ORD,409.0,0,,0,,,,,,2008-08-06,Wednesday
1833.0,1825,1943.0,1946,OO,5451,N251YV,-3.0,8.0,SFO,ACV,250.0,0,,0,,,,,,2008-04-03,Thursday
1611.0,1626,1652.0,1702,OO,5931,N718SK,-10.0,-15.0,OKC,DEN,495.0,0,,0,,,,,,2008-12-20,Saturday
907.0,900,1053.0,1109,NW,365,N518US,-16.0,7.0,MSP,SFO,1589.0,0,,0,,,,,,2008-12-06,Saturday
1555.0,1555,1807.0,1758,XE,216,N11164,9.0,0.0,SAT,SMF,1463.0,0,,0,,,,,,2008-03-20,Thursday
1533.0,1537,1648.0,1650,FL,113,N326AT,-2.0,-4.0,ATL,DFW,732.0,0,,0,,,,,,2008-01-11,Friday
1623.0,1620,1700.0,1700,WN,2173,N524SW,0.0,3.0,DAL,ELP,562.0,0,,0,,,,,,2008-06-13,Friday
1455.0,1450,1631.0,1635,WN,2500,N344SW,-4.0,5.0,RNO,PHX,601.0,0,,0,,,,,,2008-03-29,Saturday
713.0,720,936.0,945,DL,752,N375DA,-9.0,-7.0,MSY,ATL,425.0,0,,0,,,,,,2008-02-05,Tuesday
731.0,739,1227.0,1232,NW,1224,N374NW,-5.0,-8.0,DEN,DTW,1123.0,0,,0,,,,,,2008-08-13,Wednesday
1611.0,1530,1818.0,1740,XE,555,N11551,38.0,41.0,MSY,MCI,690.0,0,,0,0.0,0.0,0.0,0.0,38.0,2008-01-04,Friday
2331.0,2325,637.0,631,UA,700,N801UA,6.0,6.0,ANC,DEN,2406.0,0,,0,,,,,,2008-07-29,Tuesday
1707.0,1710,1857.0,1905,CO,67,N17719,-8.0,-3.0,CLE,LAX,2053.0,0,,0,,,,,,2008-07-11,Friday
1016.0,1005,1112.0,1107,OO,2752,N498CA,5.0,11.0,DSM,MKE,311.0,0,,0,,,,,,2008-09-03,Wednesday
314.0,2320,1037.0,700,AA,262,N5FGAA,217.0,234.0,LAX,FLL,2342.0,0,,0,50.0,0.0,0.0,0.0,167.0,2008-03-21,Friday
1040.0,1050,1142.0,1145,EV,4253,N637AS,-3.0,-10.0,CHA,ATL,106.0,0,,0,,,,,,2008-09-26,Friday
652.0,700,728.0,737,OO,6764,N955SW,-9.0,-8.0,LNK,DEN,423.0,0,,0,,,,,,2008-01-26,Saturday
2217.0,2207,3.0,1,US,1974,N444US,2.0,10.0,CLT,ALB,646.0,0,,0,,,,,,2008-09-26,Friday
1350.0,1355,1451.0,1503,US,1183,N960UW,-12.0,-5.0,PHL,ORF,211.0,0,,0,,,,,,2008-08-20,Wednesday
1127.0,1035,1255.0,1210,WN,270,N608SW,45.0,52.0,SAN,SFO,447.0,0,,0,0.0,0.0,45.0,0.0,0.0,2008-09-15,Monday
2257.0,2235,2343.0,2337,OO,1988,N807SK,6.0,22.0,ATL,GSP,153.0,0,,0,,,,,,2008-01-07,Monday
735.0,740,1538.0,1553,UA,240,N811UA,-15.0,-5.0,SJC,IAD,2400.0,0,,0,,,,,,2008-05-11,Sunday
1452.0,1455,1509.0,1502,DL,1438,N927DA,7.0,-3.0,ATL,BNA,214.0,0,,0,,,,,,2008-06-26,Thursday
2039.0,2045,2244.0,2310,WN,1859,N758SW,-26.0,-6.0,MDW,PDX,1751.0,0,,0,,,,,,2008-09-29,Monday
1003.0,1005,1507.0,1520,WN,2860,N426WN,-13.0,-2.0,DEN,BWI,1491.0,0,,0,,,,,,2008-11-23,Sunday
1845.0,1835,19.0,25,UA,1126,N553UA,-6.0,10.0,DEN,BOS,1754.0,0,,0,,,,,,2008-06-07,Saturday
2244.0,2100,638.0,515,B6,186,N598JB,83.0,104.0,SAN,JFK,2446.0,0,,0,0.0,0.0,0.0,0.0,83.0,2008-05-23,Friday
744.0,745,843.0,850,WN,546,N924WN,-7.0,-1.0,LAS,SAN,258.0,0,,0,,,,,,2008-07-21,Monday
1105.0,1012,1157.0,1055,OO,6542,N715SK,62.0,53.0,DEN,ASE,125.0,0,,0,41.0,0.0,9.0,0.0,12.0,2008-08-16,Saturday
954.0,958,1036.0,1059,UA,115,N809UA,-23.0,-4.0,IAD,ORD,589.0,0,,0,,,,,,2008-09-20,Saturday
1606.0,1320,1724.0,1415,WN,2092,N353SW,189.0,166.0,TUL,DAL,237.0,0,,0,166.0,0.0,23.0,0.0,0.0,2008-07-16,Wednesday
1308.0,1225,1557.0,1425,B6,1124,N183JB,92.0,43.0,FLL,CLT,631.0,0,,0,5.0,0.0,49.0,0.0,38.0,2008-03-23,Sunday
702.0,710,1153.0,1144,CO,1130,N14604,9.0,-8.0,DFW,EWR,1372.0,0,,0,,,,,,2008-07-29,Tuesday
1813.0,1810,1927.0,1925,WN,107,N316SW,2.0,3.0,SMF,ONT,389.0,0,,0,,,,,,2008-04-29,Tuesday
2231.0,2240,2324.0,2337,OO,5517,N221SW,-13.0,-9.0,LAX,IYK,123.0,0,,0,,,,,,2008-11-05,Wednesday
835.0,835,1027.0,1035,WN,125,N327SW,-8.0,0.0,BHM,DAL,587.0,0,,0,,,,,,2008-01-28,Monday
657.0,700,832.0,850,WN,710,N438WN,-18.0,-3.0,BNA,PHX,1448.0,0,,0,,,,,,2008-04-13,Sunday
1611.0,1551,1939.0,1919,FL,851,N261AT,20.0,20.0,MDW,MCO,989.0,0,,0,0.0,0.0,0.0,0.0,20.0,2008-03-05,Wednesday
707.0,710,951.0,948,UA,273,N814UA,3.0,-3.0,MCO,LAX,2217.0,0,,0,,,,,,2008-03-26,Wednesday
739.0,745,747.0,754,9E,5730,86989E,-7.0,-6.0,CHA,MEM,271.0,0,,0,,,,,,2008-06-26,Thursday
605.0,610,905.0,840,FL,786,N955AT,25.0,-5.0,STL,ATL,483.0,0,,0,0.0,0.0,25.0,0.0,0.0,2008-01-13,Sunday
1746.0,1730,2027.0,2019,B6,364,N663JB,8.0,16.0,PBI,LGA,1035.0,0,,0,,,,,,2008-11-28,Friday
1759.0,1800,2016.0,2025,NW,373,N8923E,-9.0,-1.0,BOS,DTW,632.0,0,,0,,,,,,2008-03-12,Wednesday
1545.0,1530,1823.0,1750,9E,4775,89039E,33.0,15.0,IND,LGA,659.0,0,,0,0.0,0.0,33.0,0.0,0.0,2008-05-20,Tuesday
1952.0,1907,1937.0,1905,OO,6168,N776SK,32.0,45.0,GRR,ORD,137.0,0,,0,0.0,0.0,15.0,0.0,17.0,2008-11-11,Tuesday
1018.0,1007,1613.0,1607,UA,110,N586UA,6.0,11.0,LAX,ORD,1745.0,0,,0,,,,,,2008-04-29,Tuesday
1500.0,1505,1645.0,1650,MQ,4002,N694MQ,-5.0,-5.0,ORD,XNA,522.0,0,,0,,,,,,2008-10-21,Tuesday
756.0,750,1029.0,1035,WN,3050,N382SW,-6.0,6.0,BNA,BWI,588.0,0,,0,,,,,,2008-08-22,Friday
1514.0,1511,1712.0,1701,NW,530,N316US,11.0,3.0,DTW,LGA,501.0,0,,0,,,,,,2008-10-02,Thursday
725.0,730,1012.0,1015,F9,854,N919FR,-3.0,-5.0,PHX,DEN,602.0,0,,0,,,,,,2008-05-13,Tuesday
1700.0,1620,1908.0,1830,MQ,4262,N808AE,38.0,40.0,MIA,CLT,650.0,0,,0,38.0,0.0,0.0,0.0,0.0,2008-05-02,Friday
1942.0,1945,2146.0,2204,DL,1079,N676DL,-18.0,-3.0,ATL,SMF,2092.0,0,,0,,,,,,2008-03-11,Tuesday
1245.0,1245,1512.0,1514,YV,2723,N935LR,-2.0,0.0,SBA,PHX,455.0,0,,0,,,,,,2008-02-10,Sunday
928.0,935,1051.0,1040,MQ,4688,N855AE,11.0,-7.0,DCA,RDU,227.0,0,,0,,,,,,2008-02-08,Friday
1259.0,1050,1507.0,1300,WN,1049,N247WN,127.0,129.0,SEA,OAK,671.0,0,,0,120.0,0.0,0.0,0.0,7.0,2008-07-17,Thursday
1142.0,1150,1506.0,1510,B6,453,N503JB,-4.0,-8.0,BOS,FLL,1237.0,0,,0,,,,,,2008-01-13,Sunday
1430.0,1435,1936.0,1944,CO,335,N33292,-8.0,-5.0,SAN,IAH,1303.0,0,,0,,,,,,2008-09-25,Thursday
726.0,725,852.0,840,WN,3578,N318SW,12.0,1.0,HOU,LAS,1235.0,0,,0,,,,,,2008-04-17,Thursday
1850.0,1850,1956.0,1959,DL,1028,N968DL,-3.0,0.0,ATL,ORD,606.0,0,,0,,,,,,2008-01-03,Thursday
,950,,1130,AA,1991,,,,DFW,OAK,1456.0,1,A,0,,,,,,2008-04-10,Thursday
1051.0,1045,1402.0,1335,AA,1204,N214AA,27.0,6.0,DEN,DFW,641.0,0,,0,0.0,0.0,21.0,0.0,6.0,2008-05-22,Thursday
849.0,855,929.0,943,OO,5765,N569SW,-14.0,-6.0,SEA,PDX,129.0,0,,0,,,,,,2008-05-01,Thursday
814.0,819,847.0,850,US,24,N903AW,-3.0,-5.0,PHX,LAX,370.0,0,,0,,,,,,2008-02-01,Friday
1901.0,1905,2002.0,2004,NW,1274,N361NB,-2.0,-4.0,MSP,GRB,252.0,0,,0,,,,,,2008-04-20,Sunday
1917.0,1615,2105.0,1723,OO,6471,N443SW,222.0,182.0,ABQ,LAX,677.0,0,,0,0.0,0.0,0.0,0.0,222.0,2008-01-25,Friday
625.0,630,752.0,747,FL,805,N311AT,5.0,-5.0,BWI,BOS,370.0,0,,0,,,,,,2008-12-30,Tuesday
1245.0,1248,1416.0,1429,DL,1542,N995DL,-13.0,-3.0,ATL,PIT,526.0,0,,0,,,,,,2008-08-17,Sunday
712.0,720,1027.0,1055,UA,440,N405UA,-28.0,-8.0,SNA,DEN,846.0,0,,0,,,,,,2008-01-08,Tuesday
848.0,845,1123.0,1135,CO,568,N48127,-12.0,3.0,EWR,LAS,2227.0,0,,0,,,,,,2008-11-15,Saturday
831.0,840,1012.0,1010,OO,6723,N915SW,2.0,-9.0,DEN,PSC,853.0,0,,0,,,,,,2008-02-08,Friday
617.0,535,808.0,720,XE,2921,N17108,48.0,42.0,GRR,IAH,1042.0,0,,0,42.0,0.0,6.0,0.0,0.0,2008-06-05,Thursday
759.0,800,911.0,915,WN,579,N325SW,-4.0,-1.0,LAX,OAK,337.0,0,,0,,,,,,2008-10-06,Monday
1810.0,1800,1919.0,1925,MQ,3632,N804MQ,-6.0,10.0,LEX,DFW,785.0,0,,0,,,,,,2008-11-01,Saturday
1259.0,1300,1529.0,1540,XE,24,N11547,-11.0,-1.0,ONT,GEG,936.0,0,,0,,,,,,2008-02-21,Thursday
955.0,950,1058.0,1052,OO,5447,N292SW,6.0,5.0,SFO,FAT,158.0,0,,0,,,,,,2008-01-18,Friday
1923.0,1930,2022.0,2033,US,131,N833AW,-11.0,-7.0,LAS,SNA,226.0,0,,0,,,,,,2008-11-13,Thursday
1949.0,1950,2159.0,2135,AA,1951,N450AA,24.0,-1.0,DFW,SMF,1431.0,0,,0,0.0,0.0,24.0,0.0,0.0,2008-03-26,Wednesday
1108.0,1116,1233.0,1230,DL,1429,N395DN,3.0,-8.0,ATL,COS,1185.0,0,,0,,,,,,2008-11-04,Tuesday
1225.0,1208,1906.0,1859,US,143,N624AW,7.0,17.0,PHX,CMH,1671.0,0,,0,,,,,,2008-06-05,Thursday
728.0,730,843.0,850,DL,1635,N750AT,-7.0,-2.0,ATL,TPA,406.0,0,,0,,,,,,2008-04-27,Sunday
2209.0,2020,2323.0,2140,WN,3762,N278WN,103.0,109.0,STL,PHX,1262.0,0,,0,103.0,0.0,0.0,0.0,0.0,2008-03-24,Monday
1358.0,1400,1503.0,1505,WN,1809,N235WN,-2.0,-2.0,OAK,BUR,325.0,0,,0,,,,,,2008-08-02,Saturday
1651.0,1700,1849.0,1910,AS,330,N581AS,-21.0,-9.0,SEA,SJC,697.0,0,,0,,,,,,2008-08-23,Saturday
105.0,2200,237.0,2356,US,1518,N173US,161.0,185.0,CLT,BDL,644.0,0,,0,0.0,0.0,0.0,0.0,161.0,2008-03-23,Sunday
1130.0,1135,1251.0,1255,WN,2995,N332SW,-4.0,-5.0,PVD,BWI,328.0,0,,0,,,,,,2008-12-16,Tuesday
1104.0,1105,1902.0,1840,WN,776,N477WN,22.0,-1.0,LAS,BWI,2106.0,0,,0,0.0,0.0,22.0,0.0,0.0,2008-04-26,Saturday
1113.0,1115,1823.0,1813,CO,480,N74856,10.0,-2.0,LAS,CLE,1825.0,0,,0,,,,,,2008-02-27,Wednesday
759.0,804,858.0,915,DL,1036,N932DL,-17.0,-5.0,ATL,ORD,606.0,0,,0,,,,,,2008-02-24,Sunday
832.0,834,933.0,954,UA,607,N416UA,-21.0,-2.0,DCA,ORD,612.0,0,,0,,,,,,2008-11-06,Thursday
,1004,,1325,UA,244,,,,DEN,ORD,888.0,1,A,0,,,,,,2008-07-21,Monday
2039.0,2045,2206.0,2215,MQ,3461,N611AE,-9.0,-6.0,MCI,DAL,461.0,0,,0,,,,,,2008-04-02,Wednesday
949.0,1006,1038.0,1053,OO,5741,N216SW,-15.0,-17.0,SFO,MOD,78.0,0,,0,,,,,,2008-12-26,Friday
927.0,902,1425.0,1404,US,295,N802AW,21.0,25.0,LAS,MSP,1300.0,0,,0,0.0,0.0,0.0,0.0,21.0,2008-09-22,Monday
952.0,940,1159.0,1122,XE,2303,N12924,37.0,12.0,BTV,CLE,489.0,0,,0,0.0,12.0,25.0,0.0,0.0,2008-12-21,Sunday
1753.0,1759,1931.0,1954,XE,3007,N15985,-23.0,-6.0,CLT,IAH,913.0,0,,0,,,,,,2008-03-02,Sunday
1501.0,1500,1646.0,1700,DL,1126,N984DL,-14.0,1.0,CVG,BOS,752.0,0,,0,,,,,,2008-12-30,Tuesday
727.0,730,756.0,808,OH,5301,N588SW,-12.0,-3.0,DAY,CVG,64.0,0,,0,,,,,,2008-03-01,Saturday
1345.0,1345,1509.0,1510,WN,221,N477WN,-1.0,0.0,SMF,SAN,480.0,0,,0,,,,,,2008-09-11,Thursday
829.0,745,1141.0,1025,MQ,4056,N658AE,76.0,44.0,ORD,SYR,607.0,0,,0,0.0,41.0,32.0,0.0,3.0,2008-01-21,Monday
903.0,910,1158.0,1146,AS,663,N320AS,12.0,-7.0,LAS,SEA,866.0,0,,0,,,,,,2008-04-07,Monday
1610.0,1550,1758.0,1745,OO,2716,N506CA,13.0,20.0,MKE,FNT,211.0,0,,0,,,,,,2008-04-09,Wednesday
1237.0,1235,1505.0,1505,WN,1620,N311SW,0.0,2.0,ELP,DAL,562.0,0,,0,,,,,,2008-03-15,Saturday
805.0,800,1033.0,1040,AS,21,N593AS,-7.0,5.0,ORD,SEA,1721.0,0,,0,,,,,,2008-11-24,Monday
1653.0,1702,2030.0,2027,UA,328,N337UA,3.0,-9.0,OAK,DEN,957.0,0,,0,,,,,,2008-03-16,Sunday
1905.0,1839,2025.0,2006,OO,6505,N970SW,19.0,26.0,OAK,LAX,337.0,0,,0,19.0,0.0,0.0,0.0,0.0,2008-07-20,Sunday
1659.0,1702,1809.0,1822,NW,1724,N772NC,-13.0,-3.0,DTW,SDF,306.0,0,,0,,,,,,2008-08-22,Friday
1321.0,1320,1515.0,1530,AA,1091,N543AA,-15.0,1.0,FLL,DFW,1119.0,0,,0,,,,,,2008-10-16,Thursday
1223.0,1233,1254.0,1305,OO,5778,N270YV,-11.0,-10.0,IPL,YUM,58.0,0,,0,,,,,,2008-03-27,Thursday
736.0,745,907.0,910,US,562,N655AW,-3.0,-9.0,MCO,PHX,1848.0,0,,0,,,,,,2008-08-08,Friday
1007.0,955,1055.0,1055,YV,2843,N27191,0.0,12.0,PHX,YUM,160.0,0,,0,,,,,,2008-03-21,Friday
956.0,1005,1127.0,1133,YV,7097,N77195,-6.0,-9.0,FSD,ORD,462.0,0,,0,,,,,,2008-05-22,Thursday
826.0,825,953.0,955,MQ,3366,N647AE,-2.0,1.0,DAL,MCI,461.0,0,,0,,,,,,2008-04-15,Tuesday
1806.0,1807,1854.0,1900,MQ,3246,N238AE,-6.0,-1.0,ACT,DFW,89.0,0,,0,,,,,,2008-07-07,Monday
1300.0,1300,1646.0,1640,US,1154,N950UW,6.0,0.0,MSY,PHL,1088.0,0,,0,,,,,,2008-02-16,Saturday
1024.0,1025,1307.0,1225,AA,591,N445AA,42.0,-1.0,ORD,ABQ,1118.0,0,,0,0.0,0.0,42.0,0.0,0.0,2008-04-25,Friday
1147.0,1150,1420.0,1435,WN,1114,N730SW,-15.0,-3.0,MDW,HOU,937.0,0,,0,,,,,,2008-02-18,Monday
1956.0,1945,2053.0,2040,WN,433,N913WN,13.0,11.0,SAT,DAL,248.0,0,,0,,,,,,2008-09-11,Thursday
855.0,849,1430.0,1417,US,3,N833AW,13.0,6.0,PHX,ORD,1440.0,0,,0,,,,,,2008-05-17,Saturday
1957.0,1950,2225.0,2240,WN,2709,N669SW,-15.0,7.0,BDL,MCO,1050.0,0,,0,,,,,,2008-04-22,Tuesday
1407.0,1415,1610.0,1610,MQ,3562,N611MQ,0.0,-8.0,PNS,DFW,604.0,0,,0,,,,,,2008-11-25,Tuesday
1520.0,1450,1620.0,1555,AA,2249,N246AA,25.0,30.0,DFW,LAS,1055.0,0,,0,0.0,0.0,25.0,0.0,0.0,2008-11-07,Friday
,915,,1210,B6,588,N637JB,,,PBI,SWF,1077.0,1,B,0,,,,,,2008-02-13,Wednesday
1110.0,1120,1236.0,1239,NW,128,N8923E,-3.0,-10.0,MSP,ORD,334.0,0,,0,,,,,,2008-05-23,Friday
1527.0,1530,1726.0,1753,NW,221,N581NW,-27.0,-3.0,SFO,HNL,2398.0,0,,0,,,,,,2008-06-02,Monday
705.0,715,817.0,827,CO,314,N14667,-10.0,-10.0,DFW,IAH,224.0,0,,0,,,,,,2008-01-15,Tuesday
1333.0,1336,1435.0,1440,NW,969,N751NW,-5.0,-3.0,DTW,PIT,201.0,0,,0,,,,,,2008-01-21,Monday
1430.0,1405,1543.0,1520,WN,2356,N622SW,23.0,25.0,SMF,ONT,389.0,0,,0,6.0,0.0,0.0,0.0,17.0,2008-03-14,Friday
1915.0,1919,1955.0,2006,NW,1767,N333NW,-11.0,-4.0,DTW,GRR,120.0,0,,0,,,,,,2008-05-25,Sunday
927.0,930,1028.0,1042,XE,2526,N14933,-14.0,-3.0,BTR,IAH,253.0,0,,0,,,,,,2008-12-08,Monday
1337.0,1340,1514.0,1532,US,994,N455UW,-18.0,-3.0,RSW,CLT,600.0,0,,0,,,,,,2008-09-14,Sunday
1252.0,1303,1320.0,1328,OO,6351,N418SW,-8.0,-11.0,LNK,DEN,423.0,0,,0,,,,,,2008-04-25,Friday
1100.0,1100,1158.0,1207,XE,1225,N16511,-9.0,0.0,EWR,DCA,199.0,0,,0,,,,,,2008-01-16,Wednesday
1001.0,1000,1146.0,1135,WN,1551,N523SW,11.0,1.0,AUS,PHX,872.0,0,,0,,,,,,2008-01-31,Thursday
1245.0,1250,1355.0,1356,OH,5655,N805CA,-1.0,-5.0,BGR,BOS,201.0,0,,0,,,,,,2008-08-28,Thursday
825.0,825,922.0,917,F9,765,N935FR,5.0,0.0,DEN,LAS,629.0,0,,0,,,,,,2008-05-08,Thursday
1759.0,1800,1927.0,1945,XE,2376,N14930,-18.0,-1.0,IAH,ICT,542.0,0,,0,,,,,,2008-08-19,Tuesday
,1805,,2135,AA,1360,,,,DFW,CLT,936.0,1,A,0,,,,,,2008-08-15,Friday
1125.0,1130,1229.0,1240,9E,5919,87979E,-11.0,-5.0,SGF,MEM,243.0,0,,0,,,,,,2008-06-10,Tuesday
1941.0,1945,2153.0,2210,WN,243,N429WN,-17.0,-4.0,OAK,BOI,511.0,0,,0,,,,,,2008-04-18,Friday
1510.0,1310,1821.0,1615,AA,412,N5DLAA,126.0,120.0,STT,JFK,1623.0,0,,0,0.0,0.0,6.0,0.0,120.0,2008-02-14,Thursday
1352.0,1340,1638.0,1636,UA,69,N545UA,2.0,12.0,LAX,LIH,2615.0,0,,0,,,,,,2008-05-11,Sunday
935.0,945,1149.0,1212,US,473,N820AW,-23.0,-10.0,PHL,LAS,2176.0,0,,0,,,,,,2008-09-28,Sunday
1945.0,1925,2052.0,2040,AA,1688,N5EJAA,12.0,20.0,DFW,LAX,1235.0,0,,0,,,,,,2008-04-22,Tuesday
1226.0,1230,1609.0,1610,AA,890,N248AA,-1.0,-4.0,STL,BOS,1046.0,0,,0,,,,,,2008-08-22,Friday
1345.0,1345,1425.0,1440,MQ,4268,N643MQ,-15.0,0.0,PIA,ORD,130.0,0,,0,,,,,,2008-10-12,Sunday
810.0,810,1036.0,1010,WN,3488,N644SW,26.0,0.0,STL,HOU,687.0,0,,0,0.0,0.0,26.0,0.0,0.0,2008-05-15,Thursday
1706.0,1710,1909.0,1934,UA,1577,N485UA,-25.0,-4.0,IAD,TPA,810.0,0,,0,,,,,,2008-11-27,Thursday
732.0,735,947.0,955,AA,2305,N586AA,-8.0,-3.0,ORD,DFW,802.0,0,,0,,,,,,2008-09-22,Monday
1320.0,1315,1915.0,1915,WN,3017,N774SW,0.0,5.0,OAK,MDW,1844.0,0,,0,,,,,,2008-11-21,Friday
907.0,900,1022.0,1017,OO,5730,N294SW,5.0,7.0,GEG,SEA,224.0,0,,0,,,,,,2008-12-13,Saturday
1251.0,1247,1648.0,1631,CO,1092,N63305,17.0,4.0,IAH,CMH,986.0,0,,0,0.0,0.0,17.0,0.0,0.0,2008-06-25,Wednesday
1848.0,1855,2010.0,2025,WN,3037,N252WN,-15.0,-7.0,SFO,LAS,414.0,0,,0,,,,,,2008-03-15,Saturday
1917.0,1922,2048.0,2050,9E,2933,85779E,-2.0,-5.0,DTW,ICT,811.0,0,,0,,,,,,2008-10-10,Friday
1559.0,1515,1832.0,1720,EV,4753,N836AS,72.0,44.0,MDT,ATL,619.0,0,,0,0.0,44.0,28.0,0.0,0.0,2008-04-04,Friday
1218.0,1221,1444.0,1432,NW,345,N525US,12.0,-3.0,DTW,SFO,2079.0,0,,0,,,,,,2008-03-01,Saturday
1950.0,1950,2114.0,2120,YV,2725,N915FJ,-6.0,0.0,PHX,SBA,455.0,0,,0,,,,,,2008-06-21,Saturday
2138.0,2117,8.0,2354,CO,667,N57869,14.0,21.0,SEA,ANC,1449.0,0,,0,,,,,,2008-01-25,Friday
658.0,700,1027.0,1035,WN,1823,N757LV,-8.0,-2.0,ABQ,MDW,1121.0,0,,0,,,,,,2008-05-03,Saturday
744.0,740,927.0,906,XE,2716,N12946,21.0,4.0,LBB,IAH,458.0,0,,0,0.0,0.0,21.0,0.0,0.0,2008-01-26,Saturday
2053.0,2040,2159.0,2145,WN,2761,N278WN,14.0,13.0,BWI,BDL,283.0,0,,0,,,,,,2008-11-03,Monday
1912.0,1910,2210.0,2212,NW,1056,N401EA,-2.0,2.0,MSP,PIT,726.0,0,,0,,,,,,2008-01-26,Saturday
1244.0,1251,1800.0,1821,FL,349,N329AT,-21.0,-7.0,LAS,MKE,1524.0,0,,0,,,,,,2008-01-30,Wednesday
2127.0,2120,2132.0,2145,EV,4759,N724EV,-13.0,7.0,ATL,GPT,352.0,0,,0,,,,,,2008-08-22,Friday
1120.0,1120,1234.0,1241,OH,5507,N678CA,-7.0,0.0,BOS,JFK,187.0,0,,0,,,,,,2008-01-30,Wednesday
833.0,840,1156.0,1220,9E,5935,86659E,-24.0,-7.0,MEM,PHL,874.0,0,,0,,,,,,2008-10-06,Monday
1019.0,1025,1228.0,1236,US,1456,N742PS,-8.0,-6.0,DCA,MCO,759.0,0,,0,,,,,,2008-09-08,Monday
1146.0,945,1242.0,1045,AA,511,N580AA,117.0,121.0,AUS,DFW,190.0,0,,0,117.0,0.0,0.0,0.0,0.0,2008-02-24,Sunday
1330.0,1335,1643.0,1655,AA,1458,N202AA,-12.0,-5.0,LAX,DEN,862.0,0,,0,,,,,,2008-10-18,Saturday
1445.0,1445,1620.0,1637,YV,2667,N938LR,-17.0,0.0,CLT,IAH,913.0,0,,0,,,,,,2008-12-29,Monday
1942.0,1945,2149.0,2203,XE,2276,N13538,-14.0,-3.0,CVG,EWR,569.0,0,,0,,,,,,2008-04-13,Sunday
2148.0,2120,2258.0,2240,WN,1848,N272WN,18.0,28.0,SNA,OAK,371.0,0,,0,0.0,0.0,0.0,0.0,18.0,2008-05-30,Friday
902.0,907,1000.0,1020,9E,3777,84589E,-20.0,-5.0,DTW,CVG,229.0,0,,0,,,,,,2008-04-20,Sunday
2136.0,2100,1.0,2333,CO,1046,N24633,28.0,36.0,IAH,ORD,925.0,0,,0,28.0,0.0,0.0,0.0,0.0,2008-04-12,Saturday
1922.0,1930,2053.0,2101,UA,1582,N490UA,-8.0,-8.0,SFO,LAS,414.0,0,,0,,,,,,2008-03-20,Thursday
1336.0,1335,1624.0,1625,WN,1086,N643SW,-1.0,1.0,LAX,ABQ,677.0,0,,0,,,,,,2008-10-30,Thursday
730.0,735,833.0,845,WN,2464,N693SW,-12.0,-5.0,SAN,PHX,304.0,0,,0,,,,,,2008-05-07,Wednesday
1847.0,1850,1951.0,2008,NW,1057,N915RW,-17.0,-3.0,PIT,MSP,726.0,0,,0,,,,,,2008-05-08,Thursday
2107.0,2111,2347.0,2357,NW,1108,N505US,-10.0,-4.0,DTW,RSW,1085.0,0,,0,,,,,,2008-02-13,Wednesday
900.0,908,1040.0,1036,YV,2697,N934FJ,4.0,-8.0,IAD,CLT,321.0,0,,0,,,,,,2008-11-06,Thursday
939.0,942,1035.0,1045,EV,4810,N920EV,-10.0,-3.0,ATL,CAE,191.0,0,,0,,,,,,2008-07-04,Friday
617.0,620,828.0,829,FL,487,N949AT,-1.0,-3.0,PNS,ATL,272.0,0,,0,,,,,,2008-04-27,Sunday
1844.0,1840,2330.0,2340,WN,787,N263WN,-10.0,4.0,SAN,MCI,1333.0,0,,0,,,,,,2008-10-14,Tuesday
758.0,755,911.0,904,CO,322,N14214,7.0,3.0,MSY,IAH,305.0,0,,0,,,,,,2008-10-25,Saturday
1509.0,1505,2050.0,2055,WN,580,N660SW,-5.0,4.0,LAX,BNA,1797.0,0,,0,,,,,,2008-09-08,Monday
734.0,735,815.0,820,MQ,3417,N856AE,-5.0,-1.0,DFW,GRK,134.0,0,,0,,,,,,2008-06-08,Sunday
1100.0,1100,1338.0,1321,AS,252,N611AS,17.0,0.0,PDX,LAX,834.0,0,,0,0.0,0.0,17.0,0.0,0.0,2008-08-01,Friday
1030.0,1030,1427.0,1442,XE,2965,N14158,-15.0,0.0,SLC,IAH,1195.0,0,,0,,,,,,2008-02-27,Wednesday
745.0,752,821.0,830,OO,6056,N752SK,-9.0,-7.0,TYS,ORD,475.0,0,,0,,,,,,2008-04-16,Wednesday
926.0,932,1024.0,1035,US,926,N450UW,-11.0,-6.0,CLT,ORD,599.0,0,,0,,,,,,2008-10-26,Sunday
610.0,615,735.0,745,OO,4382,N810SK,-10.0,-5.0,DEN,SLC,391.0,0,,0,,,,,,2008-11-05,Wednesday
1211.0,1213,1939.0,1935,US,83,N653AW,4.0,-2.0,PHX,BWI,1999.0,0,,0,,,,,,2008-03-10,Monday
1658.0,1705,1830.0,1850,MQ,4574,N704PG,-20.0,-7.0,BOS,DCA,399.0,0,,0,,,,,,2008-01-27,Sunday
1024.0,1030,1154.0,1155,AA,821,N262AA,-1.0,-6.0,MCO,STL,880.0,0,,0,,,,,,2008-05-26,Monday
1142.0,1145,1222.0,1245,OO,3700,N446SW,-23.0,-3.0,PIH,SLC,150.0,0,,0,,,,,,2008-09-30,Tuesday
809.0,815,919.0,926,FL,289,N983AT,-7.0,-6.0,ATL,HOU,696.0,0,,0,,,,,,2008-03-06,Thursday
1526.0,1459,1739.0,1732,DL,1750,N991DL,7.0,27.0,BDL,ATL,859.0,0,,0,,,,,,2008-10-13,Monday
854.0,900,1001.0,1020,UA,607,N812UA,-19.0,-6.0,DCA,ORD,612.0,0,,0,,,,,,2008-11-27,Thursday
2117.0,2123,2343.0,2353,US,296,N661AW,-10.0,-6.0,LAS,SEA,866.0,0,,0,,,,,,2008-06-29,Sunday
1630.0,1635,1743.0,1750,9E,5915,88699E,-7.0,-5.0,MOB,MEM,317.0,0,,0,,,,,,2008-09-18,Thursday
753.0,805,1021.0,1036,CO,1051,N17344,-15.0,-12.0,MCO,CLE,895.0,0,,0,,,,,,2008-07-04,Friday
558.0,600,716.0,710,DL,987,N917DL,6.0,-2.0,CLT,ATL,227.0,0,,0,,,,,,2008-07-15,Tuesday
1816.0,1815,2106.0,2120,WN,3757,N254WN,-14.0,1.0,PVD,MCO,1073.0,0,,0,,,,,,2008-12-23,Tuesday
2046.0,2050,2150.0,2205,WN,2876,N461WN,-15.0,-4.0,RDU,PHL,336.0,0,,0,,,,,,2008-01-29,Tuesday
1544.0,1541,1634.0,1635,AS,66,N774AS,-1.0,3.0,ANC,CDV,160.0,0,,0,,,,,,2008-08-16,Saturday
1352.0,1348,1516.0,1502,YV,7186,N448YV,14.0,4.0,DEN,GJT,212.0,0,,0,,,,,,2008-10-11,Saturday
,1410,,1520,MQ,4032,,,,ORD,RST,268.0,1,C,0,,,,,,2008-09-04,Thursday
1240.0,1246,1515.0,1523,YV,2870,N7264V,-8.0,-6.0,SBP,PHX,509.0,0,,0,,,,,,2008-02-05,Tuesday
1437.0,1340,1649.0,1548,EV,4796,N909EV,61.0,57.0,MEI,ATL,267.0,0,,0,57.0,0.0,4.0,0.0,0.0,2008-04-13,Sunday
1530.0,1505,1836.0,1810,MQ,3599,N908MQ,26.0,25.0,DFW,TYS,772.0,0,,0,25.0,0.0,1.0,0.0,0.0,2008-10-08,Wednesday
805.0,800,915.0,915,WN,1417,N795SW,0.0,5.0,OAK,LAX,337.0,0,,0,,,,,,2008-04-30,Wednesday
1644.0,1615,2240.0,1941,CO,1086,N75861,179.0,29.0,IAH,MCO,853.0,0,,0,29.0,0.0,150.0,0.0,0.0,2008-10-15,Wednesday
953.0,1009,1106.0,1106,OO,5440,N293SW,0.0,-16.0,SMX,LAX,135.0,0,,0,,,,,,2008-01-02,Wednesday
700.0,700,1305.0,1314,UA,138,N840UA,-9.0,0.0,SFO,ORD,1846.0,0,,0,,,,,,2008-02-16,Saturday
1252.0,1250,1515.0,1525,WN,3506,N213WN,-10.0,2.0,LAS,ABQ,487.0,0,,0,,,,,,2008-11-14,Friday
848.0,855,1547.0,1614,NW,461,N349NW,-27.0,-7.0,PDX,DTW,1953.0,0,,0,,,,,,2008-12-30,Tuesday
1315.0,1240,1555.0,1525,WN,3483,N288WN,30.0,35.0,OAK,SLC,588.0,0,,0,18.0,0.0,0.0,0.0,12.0,2008-03-28,Friday
855.0,900,1012.0,1040,OH,5585,N814CA,-28.0,-5.0,JFK,BWI,184.0,0,,0,,,,,,2008-07-02,Wednesday
1514.0,1505,1632.0,1644,CO,687,N57857,-12.0,9.0,MCO,IAH,853.0,0,,0,,,,,,2008-03-26,Wednesday
751.0,740,852.0,840,MQ,3553,N641AE,12.0,11.0,DFW,LBB,282.0,0,,0,,,,,,2008-07-21,Monday
,1000,,1239,DL,883,N939DL,,,EWR,ATL,745.0,1,B,0,,,,,,2008-01-19,Saturday
640.0,645,926.0,940,WN,2533,N791SW,-14.0,-5.0,FLL,PHL,992.0,0,,0,,,,,,2008-04-21,Monday
1708.0,1715,2004.0,1959,DL,1189,N646DL,5.0,-7.0,MCO,SLC,1929.0,0,,0,,,,,,2008-11-23,Sunday
1627.0,1626,1835.0,1818,UA,106,N334UA,17.0,1.0,ORD,GRR,137.0,0,,0,0.0,0.0,17.0,0.0,0.0,2008-07-11,Friday
1557.0,1559,1849.0,1850,FL,668,N996AT,-1.0,-2.0,HPN,MCO,972.0,0,,0,,,,,,2008-12-12,Friday
1057.0,1100,1157.0,1209,EV,4897,N723EV,-12.0,-3.0,ATL,CHS,259.0,0,,0,,,,,,2008-01-05,Saturday
651.0,650,830.0,820,WN,3077,N311SW,10.0,1.0,RNO,PDX,444.0,0,,0,,,,,,2008-11-28,Friday
1034.0,900,1214.0,1036,NW,301,N336NB,98.0,94.0,IND,SEA,1866.0,0,,0,0.0,94.0,4.0,0.0,0.0,2008-08-05,Tuesday
715.0,720,805.0,809,YV,1034,N651BR,-4.0,-5.0,HNL,ITO,216.0,0,,0,,,,,,2008-02-14,Thursday
536.0,540,804.0,725,OO,6706,N754SK,39.0,-4.0,MEM,ORD,491.0,0,,0,0.0,0.0,39.0,0.0,0.0,2008-08-05,Tuesday
1247.0,1250,1357.0,1402,EV,4786,N936EV,-5.0,-3.0,AVL,CVG,275.0,0,,0,,,,,,2008-08-20,Wednesday
1608.0,1615,1705.0,1710,MQ,3022,N829MQ,-5.0,-7.0,FAT,LAX,209.0,0,,0,,,,,,2008-11-19,Wednesday
1835.0,1810,127.0,45,WN,495,N241WN,42.0,25.0,LAS,SDF,1624.0,0,,0,1.0,0.0,17.0,0.0,24.0,2008-01-08,Tuesday
1458.0,1310,2025.0,1750,WN,1621,N492WN,155.0,108.0,LAS,OMA,1099.0,0,,0,0.0,15.0,47.0,0.0,93.0,2008-02-03,Sunday
1315.0,1315,1410.0,1415,WN,1316,N232WN,-5.0,0.0,SJC,BUR,296.0,0,,0,,,,,,2008-11-13,Thursday
601.0,600,1127.0,1125,WN,1608,N499WN,2.0,1.0,OAK,MCI,1489.0,0,,0,,,,,,2008-02-06,Wednesday
1407.0,1340,1459.0,1440,WN,36,N511SW,19.0,27.0,HRL,HOU,276.0,0,,0,1.0,0.0,0.0,0.0,18.0,2008-01-03,Thursday
1720.0,1725,1940.0,1950,WN,2218,N436WN,-10.0,-5.0,BNA,JAX,484.0,0,,0,,,,,,2008-09-06,Saturday
813.0,815,956.0,1004,DL,1523,N668DN,-8.0,-2.0,ATL,MIA,595.0,0,,0,,,,,,2008-01-11,Friday
1203.0,1128,1259.0,1230,UA,615,N822UA,29.0,35.0,DCA,ORD,612.0,0,,0,0.0,0.0,0.0,0.0,29.0,2008-07-18,Friday
558.0,600,725.0,718,YV,7178,N519LR,7.0,-2.0,CLT,IAD,321.0,0,,0,,,,,,2008-11-06,Thursday
1018.0,1020,1306.0,1315,MQ,4326,N648AE,-9.0,-2.0,ORD,BWI,622.0,0,,0,,,,,,2008-04-13,Sunday
651.0,700,827.0,831,US,1933,N409US,-4.0,-9.0,BWI,CLT,361.0,0,,0,,,,,,2008-02-08,Friday
1258.0,1305,1531.0,1537,B6,658,N579JB,-6.0,-7.0,MCO,ROC,1033.0,0,,0,,,,,,2008-11-20,Thursday
1504.0,1500,1618.0,1615,XE,2213,N15948,3.0,4.0,IAH,BRO,308.0,0,,0,,,,,,2008-03-09,Sunday
1229.0,1230,1752.0,1744,CO,494,N57868,8.0,-1.0,LAX,IAH,1379.0,0,,0,,,,,,2008-02-11,Monday
853.0,856,1319.0,1331,US,542,N824AW,-12.0,-3.0,PHX,DFW,868.0,0,,0,,,,,,2008-07-23,Wednesday
1858.0,1900,2045.0,2053,US,640,N334AW,-8.0,-2.0,SJC,PHX,621.0,0,,0,,,,,,2008-05-16,Friday
1007.0,950,1343.0,1335,WN,879,N610WN,8.0,17.0,SAT,MCO,1040.0,0,,0,,,,,,2008-06-20,Friday
1807.0,1805,1911.0,1910,AA,766,N3AAAA,1.0,2.0,AUS,DFW,190.0,0,,0,,,,,,2008-04-02,Wednesday
1648.0,1650,1825.0,1840,WN,2562,N391SW,-15.0,-2.0,BNA,DEN,1013.0,0,,0,,,,,,2008-07-19,Saturday
708.0,715,930.0,927,DL,948,N635DL,3.0,-7.0,PNS,ATL,272.0,0,,0,,,,,,2008-05-08,Thursday
1320.0,1325,1451.0,1510,MQ,4037,N505MQ,-19.0,-5.0,ORD,LIT,552.0,0,,0,,,,,,2008-10-02,Thursday
1320.0,1315,1415.0,1412,OO,5566,N301YV,3.0,5.0,FAT,SFO,158.0,0,,0,,,,,,2008-05-30,Friday
1038.0,1040,1215.0,1204,EV,4231,N885AS,11.0,-2.0,ILM,ATL,377.0,0,,0,,,,,,2008-05-09,Friday
647.0,645,1057.0,1100,WN,349,N507SW,-3.0,2.0,AUS,BWI,1342.0,0,,0,,,,,,2008-06-11,Wednesday
1610.0,1550,1928.0,1844,OH,6461,N653CA,44.0,20.0,MSP,CVG,596.0,0,,0,0.0,20.0,24.0,0.0,0.0,2008-12-08,Monday
1608.0,1610,10.0,2358,CO,1069,N19130,12.0,-2.0,LAS,EWR,2227.0,0,,0,,,,,,2008-09-17,Wednesday
1526.0,1526,1544.0,1547,YV,2715,N914FJ,-3.0,0.0,ELP,PHX,347.0,0,,0,,,,,,2008-10-26,Sunday
1204.0,1205,1429.0,1430,MQ,3910,N842AE,-1.0,-1.0,MIA,RIC,826.0,0,,0,,,,,,2008-03-05,Wednesday
742.0,735,936.0,940,WN,1092,N301SW,-4.0,7.0,SAN,PHX,304.0,0,,0,,,,,,2008-02-21,Thursday
1109.0,1110,1157.0,1200,DL,1187,N37700,-3.0,-1.0,SLC,SMF,532.0,0,,0,,,,,,2008-12-26,Friday
714.0,720,950.0,950,MQ,4149,N655AE,0.0,-6.0,ORD,TYS,475.0,0,,0,,,,,,2008-09-03,Wednesday
1547.0,1525,1645.0,1630,WN,1496,N280WN,15.0,22.0,BUR,LAS,223.0,0,,0,0.0,0.0,0.0,0.0,15.0,2008-12-15,Monday
1527.0,1435,1826.0,1749,CO,377,N69348,37.0,52.0,RSW,EWR,1068.0,0,,0,37.0,0.0,0.0,0.0,0.0,2008-03-17,Monday
1911.0,1915,2144.0,2147,AS,536,N797AS,-3.0,-4.0,SEA,ONT,956.0,0,,0,,,,,,2008-08-26,Tuesday
,1644,,1751,YV,2946,N956LR,,,PSP,PHX,261.0,1,A,0,,,,,,2008-05-06,Tuesday
1013.0,1020,1510.0,1505,F9,191,N803FR,5.0,-7.0,DEN,DAY,1084.0,0,,0,,,,,,2008-05-16,Friday
1051.0,1055,1340.0,1353,DL,678,N939DL,-13.0,-4.0,MIA,JFK,1090.0,0,,0,,,,,,2008-06-27,Friday
1833.0,1836,1935.0,1943,DL,1593,N938DL,-8.0,-3.0,ATL,OKC,761.0,0,,0,,,,,,2008-09-27,Saturday
1349.0,1350,1447.0,1444,UA,1617,N486UA,3.0,-1.0,DEN,LAS,629.0,0,,0,,,,,,2008-03-25,Tuesday
1034.0,1040,1142.0,1158,EV,4833,N830AS,-16.0,-6.0,CVG,CAE,404.0,0,,0,,,,,,2008-06-18,Wednesday
1540.0,1540,1810.0,1829,US,991,N764US,-19.0,0.0,PHL,MIA,1013.0,0,,0,,,,,,2008-08-11,Monday
1038.0,1040,1305.0,1310,AS,574,N708AS,-5.0,-2.0,PDX,SAN,933.0,0,,0,,,,,,2008-08-15,Friday
709.0,715,840.0,840,EV,4159,N683BR,0.0,-6.0,ILM,ATL,377.0,0,,0,,,,,,2008-08-21,Thursday
1331.0,1335,1531.0,1535,WN,1536,N719SW,-4.0,-4.0,OAK,SEA,671.0,0,,0,,,,,,2008-01-30,Wednesday
654.0,700,801.0,813,US,2163,N768US,-12.0,-6.0,LGA,DCA,214.0,0,,0,,,,,,2008-03-06,Thursday
2002.0,2005,2203.0,2210,WN,3168,N380SW,-7.0,-3.0,SEA,OAK,671.0,0,,0,,,,,,2008-06-27,Friday
1811.0,1730,2138.0,2036,UA,937,N647UA,62.0,41.0,IAD,SFO,2419.0,0,,0,41.0,0.0,21.0,0.0,0.0,2008-01-08,Tuesday
1000.0,1005,1241.0,1300,OO,4012,N668CA,-19.0,-5.0,SNA,SLC,588.0,0,,0,,,,,,2008-02-13,Wednesday
608.0,610,806.0,815,WN,799,N231WN,-9.0,-2.0,LAS,PHX,256.0,0,,0,,,,,,2008-02-21,Thursday
2038.0,2040,45.0,47,B6,707,N706JB,-2.0,-2.0,JFK,SJU,1597.0,0,,0,,,,,,2008-07-16,Wednesday
1521.0,1520,1640.0,1640,WN,959,N399WN,0.0,1.0,HOU,TUL,453.0,0,,0,,,,,,2008-04-28,Monday
1415.0,1410,2237.0,2240,UA,26,N510UA,-3.0,5.0,LAX,JFK,2475.0,0,,0,,,,,,2008-11-07,Friday
1215.0,1225,1249.0,1300,OO,5741,N224SW,-11.0,-10.0,MOD,SFO,78.0,0,,0,,,,,,2008-10-11,Saturday
1633.0,1638,1741.0,1756,DL,1134,N964DL,-15.0,-5.0,ATL,GSO,306.0,0,,0,,,,,,2008-11-23,Sunday
1600.0,1550,1713.0,1715,WN,2041,N208WN,-2.0,10.0,OKC,STL,462.0,0,,0,,,,,,2008-07-10,Thursday
930.0,935,1049.0,1105,XE,2696,N14939,-16.0,-5.0,MAF,IAH,429.0,0,,0,,,,,,2008-08-18,Monday
710.0,715,1047.0,1058,9E,4700,87479E,-11.0,-5.0,SAT,IND,986.0,0,,0,,,,,,2008-06-23,Monday
1914.0,1920,2042.0,2052,XE,3057,N14904,-10.0,-6.0,CLE,BDL,475.0,0,,0,,,,,,2008-11-23,Sunday
2223.0,2040,23.0,2210,AA,1659,N290AA,133.0,103.0,ORD,MCI,403.0,0,,0,0.0,0.0,47.0,0.0,86.0,2008-12-20,Saturday
713.0,715,1424.0,1427,DL,1276,N3730B,-3.0,-2.0,SAN,CVG,1865.0,0,,0,,,,,,2008-06-20,Friday
,1025,,1155,XE,2088,,,,MAF,IAH,429.0,1,B,0,,,,,,2008-09-12,Friday
1448.0,1455,1747.0,1756,CO,1017,N17640,-9.0,-7.0,MSP,IAH,1034.0,0,,0,,,,,,2008-09-23,Tuesday
703.0,705,912.0,920,WN,1838,N365SW,-8.0,-2.0,IAD,TPA,810.0,0,,0,,,,,,2008-09-23,Tuesday
1549.0,1541,1755.0,1725,FL,178,N992AT,30.0,8.0,RSW,ATL,515.0,0,,0,0.0,0.0,22.0,0.0,8.0,2008-02-24,Sunday
1939.0,1835,2115.0,2011,UA,1206,N335UA,64.0,64.0,SFO,PDX,550.0,0,,0,0.0,0.0,0.0,0.0,64.0,2008-07-01,Tuesday
1957.0,1934,2125.0,2057,9E,3775,80399E,28.0,23.0,DTW,CVG,229.0,0,,0,23.0,0.0,5.0,0.0,0.0,2008-01-17,Thursday
1503.0,1300,2239.0,2000,WN,2728,N797MX,159.0,123.0,LAS,CLE,1825.0,0,,0,0.0,0.0,36.0,0.0,123.0,2008-02-03,Sunday
1604.0,1610,1806.0,1804,US,493,N157AW,2.0,-6.0,SJC,PHX,621.0,0,,0,,,,,,2008-07-17,Thursday
904.0,846,952.0,950,MQ,3300,N610AE,2.0,18.0,ABI,DFW,158.0,0,,0,,,,,,2008-03-24,Monday
1204.0,1210,1457.0,1510,WN,19,N291WN,-13.0,-6.0,HOU,JAX,816.0,0,,0,,,,,,2008-11-26,Wednesday
1146.0,1150,1254.0,1257,DL,1119,N918DE,-3.0,-4.0,ATL,ORD,606.0,0,,0,,,,,,2008-03-02,Sunday
1432.0,1435,1620.0,1630,AA,1417,N5CBAA,-10.0,-3.0,ORD,LAS,1515.0,0,,0,,,,,,2008-05-20,Tuesday
932.0,840,1752.0,1634,AS,4,N581AS,78.0,52.0,SEA,DCA,2329.0,0,,0,52.0,0.0,26.0,0.0,0.0,2008-05-24,Saturday
2032.0,2040,2324.0,2340,B6,1206,N193JB,-16.0,-8.0,RSW,HPN,1102.0,0,,0,,,,,,2008-08-27,Wednesday
1917.0,1915,2257.0,2307,CO,1491,N47414,-10.0,2.0,IAH,DTW,1076.0,0,,0,,,,,,2008-03-27,Thursday
459.0,500,903.0,913,AA,433,N411AA,-10.0,-1.0,PHX,DFW,868.0,0,,0,,,,,,2008-07-11,Friday
1320.0,1155,1412.0,1250,9E,5868,86659E,82.0,85.0,DTW,OMA,651.0,0,,0,82.0,0.0,0.0,0.0,0.0,2008-07-18,Friday
934.0,940,1302.0,1300,UA,177,N534UA,2.0,-6.0,BOS,SFO,2704.0,0,,0,,,,,,2008-05-29,Thursday
1911.0,1915,2030.0,2037,XE,2830,N16918,-7.0,-4.0,IAH,JAN,351.0,0,,0,,,,,,2008-10-10,Friday
1849.0,1850,2027.0,2040,OO,6699,N963SW,-13.0,-1.0,ELP,DEN,563.0,0,,0,,,,,,2008-11-09,Sunday
1025.0,1025,1738.0,1736,DL,61,N6706Q,2.0,0.0,LAX,ATL,1946.0,0,,0,,,,,,2008-01-17,Thursday
1341.0,1345,1424.0,1433,F9,857,N946FR,-9.0,-4.0,DEN,PHX,602.0,0,,0,,,,,,2008-09-28,Sunday
1130.0,1105,1323.0,1255,AA,1053,N405AA,28.0,25.0,BOS,ORD,867.0,0,,0,0.0,0.0,7.0,0.0,21.0,2008-04-01,Tuesday
2147.0,1920,124.0,2235,AA,346,N4YKAA,169.0,147.0,ORD,LGA,733.0,0,,0,45.0,0.0,22.0,0.0,102.0,2008-05-30,Friday
1948.0,1955,34.0,55,WN,1862,N246LV,-21.0,-7.0,LAS,STL,1372.0,0,,0,,,,,,2008-10-13,Monday
1037.0,1048,1209.0,1157,OO,6456,N934SW,12.0,-11.0,PMD,SFO,316.0,0,,0,,,,,,2008-06-07,Saturday
1343.0,1215,1503.0,1335,AS,43,N768AS,88.0,88.0,ANC,BET,399.0,0,,0,0.0,0.0,0.0,0.0,88.0,2008-11-22,Saturday
1234.0,1235,1407.0,1417,US,523,N642AW,-10.0,-1.0,RNO,PHX,601.0,0,,0,,,,,,2008-10-16,Thursday
